[{"lc":"ko","vnc":"한국어"},{"lc":"en","vnc":"English"},{"lc":"vn","vnc":"Tiếng Việt"},{"lc":"id","vnc":"Bahasa Indonesia"},{"lc":"th","vnc":"ไทย"},{"lc":"es","vnc":"Español"},{"lc":"tr","vnc":"Türkçe"},{"lc":"pt","vnc":"Português"},{"lc":"ms","vnc":"Bahasa Melayu"},{"lc":"mn","vnc":"Монгол"},{"lc":"ru","vnc":"Русский<"},{"lc":"ph","vnc":"Filipino"},{"lc":"ar","vnc":"العربية"},{"lc":"ch","vnc":"中文(简体)"},{"lc":"ja","vnc":"日本語"},{"lc":"zh","vnc":"中文(繁體)"},{"lc":"fr","vnc":"Français"},{"lc":"my","vnc":"ဗမာစာ"},{"lc":"bn","vnc":"বাংলা"},{"lc":"de","vnc":"Deutsch"},{"lc":"it","vnc":"Italiano"},{"lc":"kh","vnc":"ខ្មែរ"},{"lc":"jv","vnc":"Basa Jawa"},{"lc":"pl","vnc":"Język polski"},{"lc":"cy","vnc":"Cymraeg"},{"lc":"fa","vnc":"فارسی"},{"lc":"cx","vnc":"Cebuano"},{"lc":"si","vnc":"සිංහල"},{"lc":"rw","vnc":"Ikinyarwanda"},{"lc":"ne","vnc":"नेपाली"},{"lc":"kk","vnc":"Қазақ тілі"},{"lc":"hi","vnc":"हिन्दी"},{"lc":"br","vnc":"Brezhoneg"},{"lc":"fy","vnc":"Frysk"},{"lc":"hu","vnc":"Magyar"},{"lc":"ku","vnc":"Kurdî (Kurmancî)"},{"lc":"sw","vnc":"Kiswahili"},{"lc":"az","vnc":"Azərbaycanca"},{"lc":"nl","vnc":"Nederlands"},{"lc":"be","vnc":"Беларуская"},{"lc":"el","vnc":"Ελληνικά"},{"lc":"ro","vnc":"Română"},{"lc":"he","vnc":"עברית"},{"lc":"rs","vnc":"Српски"},{"lc":"kn","vnc":"ಕನ್ನಡ"},{"lc":"or","vnc":"ଓଡ଼ିଆ"},{"lc":"ca","vnc":"Català"},{"lc":"te","vnc":"తెలుగు"},{"lc":"ur","vnc":"اردو"},{"lc":"gn","vnc":"Avañe'ẽ"},{"lc":"uz","vnc":"O'zbek"},{"lc":"al","vnc":"Shqip"},{"lc":"mr","vnc":"मराठी"},{"lc":"gu","vnc":"ગુજરાતી"},{"lc":"uk","vnc":"Українська"},{"lc":"pa","vnc":"ਪੰਜਾਬੀ"},{"lc":"ps","vnc":"پښتو"},{"lc":"fi","vnc":"Suomi"},{"lc":"hr","vnc":"Hrvatski"},{"lc":"sk","vnc":"Slovenčina"},{"lc":"is","vnc":"Íslenska"},{"lc":"ml","vnc":"മലയാളം"},{"lc":"as","vnc":"অসমীয়া"},{"lc":"af","vnc":"Afrikaans"},{"lc":"da","vnc":"Dansk"},{"lc":"ta","vnc":"தமிழ்"},{"lc":"cs","vnc":"Čeština "},{"lc":"gl","vnc":"Galego"},{"lc":"lv","vnc":"Latviešu"},{"lc":"bg","vnc":"Български"},{"lc":"hy","vnc":"Հայերեն"},{"lc":"lt","vnc":"Lietuvių"},{"lc":"nb","vnc":"Norsk (Bokmål)"},{"lc":"bs","vnc":"Bosanski"},{"lc":"et","vnc":"Eesti"},{"lc":"eu","vnc":"Euskara"},{"lc":"ka","vnc":"ქართული"},{"lc":"mk","vnc":"Македонски"},{"lc":"tg","vnc":"Тоҷикӣ"},{"lc":"sv","vnc":"Svenska"},{"lc":"sl","vnc":"Slovenščina"}]